blue,transfer_acc
0.0037299369691295133,0.7029320987654321
0.020629232531910797,0.7481481481481482
0.03849074193825258,0.75
0.058717102858396084,0.7449074074074075
0.08175305080444266,0.7325617283950618
0.1052352376971157,0.6979938271604939
0.12429553238503113,0.6763888888888889
0.13929338714925352,0.646604938271605
0.15229187174609105,0.633641975308642
0.16670009125763668,0.6234567901234568
