blue,transfer_acc
0.43864987302240627,0.5814043209876543
2.2487678811165375,0.7791666666666667
4.011969937238604,0.7740740740740741
6.082547586717935,0.7620370370370371
8.25394552527225,0.7327160493827161
10.154162940474473,0.7023148148148148
11.409646332819948,0.6842592592592593
13.87033169406986,0.6527777777777778
14.94526531342001,0.641358024691358
15.635278993517804,0.6546296296296296
